timestamp,ph,temperature,dissolved_oxygen,turbidity,month,day,hour,reading_id,is_interpolated_timestamp
2024-01-01 09:00:00,7.284401934209384,26.68318206902825,8.36230087795147,6.956084493377397,1,1,9,2475,True
2024-01-01 09:30:00,7.207536556225196,27.00752877900827,8.121635305941409,7.070610057513659,1,1,9,2566,True
2024-01-01 10:00:00,7.478162463596416,26.78973009205179,8.00334994360867,7.183070845710537,1,1,10,2578,True
2024-01-01 10:05:27,7.448783187039388,26.82020404608055,8.070861441288054,7.206596272571909,1,1,10,2627,True
2024-01-01 10:10:54,7.529042113666964,27.04037112603259,8.113816527818637,6.739158978918597,1,1,10,2677,True
2024-01-01 10:16:21,7.61815980277367,27.3110825454121,7.87660727254682,2.5360300754280543,1,1,10,2787,True
2024-01-01 10:21:48,7.532842781954601,26.96036762317173,8.456212145126287,2.7072855178040833,1,1,10,2788,True
2024-01-01 10:27:15,7.5422420073551,27.00014689961373,8.266744714453024,2.5730652559501275,1,1,10,2806,True
2024-01-01 10:32:42,7.602651838551808,26.8142819749629,7.944896474299952,2.4227755928150017,1,1,10,2807,True
2024-01-01 10:38:09,7.537693834117687,27.01113545247235,8.443464057281428,2.5709591352080023,1,1,10,2830,True
2024-01-01 10:43:36,7.575321022415618,26.96311676243247,8.361142992064377,2.3084806632244894,1,1,10,2859,True
2024-01-01 10:49:03,7.544914252171792,26.83358733659767,8.371161141310564,2.610969458075568,1,1,10,2877,True
2024-01-01 10:54:30,7.6020966417793,26.9139510017613,8.079014403017101,2.623967748365772,1,1,10,2891,True
2024-01-02 09:00:00,7.254700919126768,26.835523818266,8.187491774907777,6.818527907653389,1,2,9,2480,True
2024-01-02 09:30:00,7.373093698194026,27.24057256136858,8.223124892859499,7.397583647844792,1,2,9,2563,True
2024-01-02 10:00:00,7.491007569854287,27.03392359411978,8.213356911854314,6.948571137384715,1,2,10,2583,True
2024-01-02 10:06:40,7.471964866386644,26.86590050222748,8.002298182523951,2.539705394823871,1,2,10,2739,True
2024-01-02 10:13:20,7.492575529155168,27.13882406423731,8.184881950569093,2.4584235420003604,1,2,10,2753,True
2024-01-02 10:20:00,7.473421117101668,26.74549052184369,8.217924958625163,2.514207250625347,1,2,10,2764,True
2024-01-02 10:26:40,7.451589673581866,26.97317058020109,8.091486718066275,2.4882628359010965,1,2,10,2769,True
2024-01-02 10:33:20,7.503399431375861,27.26880742113584,8.068826172753061,2.652599123759781,1,2,10,2773,True
2024-01-02 10:40:00,7.538646161260649,26.97111947241593,8.30660112571961,2.4910913553417577,1,2,10,2785,True
2024-01-02 10:46:40,7.573009555694908,26.8039465744411,8.568977695964282,2.513894219146141,1,2,10,2800,True
2024-01-02 10:53:20,7.5922666818936015,27.01616033031423,8.323242263977374,2.482638829199326,1,2,10,2875,True
2024-01-02 20:00:00,8.47344165862684,26.82638421793648,8.114214625701154,2.731323296713466,1,2,20,248,True
2024-01-02 23:00:00,8.485241912388423,26.78235944322507,8.059883107819568,2.5293557916481304,1,2,23,1171,True
2024-01-03 09:00:00,7.393945679144153,27.16228788960468,8.37372517820292,7.564048178958385,1,3,9,2538,True
2024-01-03 09:30:00,7.37862790511114,27.09627679456111,8.204696329002138,7.276540668807591,1,3,9,2565,True
2024-01-03 10:00:00,7.491727453013497,26.69550365713433,7.97255786920068,7.3998434691787445,1,3,10,2600,True
2024-01-03 10:03:45,7.466598778823537,27.068502276764,8.321616066773176,6.730416076003801,1,3,10,2620,True
2024-01-03 10:07:30,7.424164998065661,26.97704663788016,8.393541659769973,7.151623634236685,1,3,10,2623,True
2024-01-03 10:11:15,7.39643578482498,26.86513435302874,8.255312699370158,6.815414909970372,1,3,10,2641,True
2024-01-03 10:15:00,7.448877253567356,26.78749943364927,8.090741305344354,6.642210461219889,1,3,10,2662,True
2024-01-03 10:18:45,7.415361240239016,27.14134306173594,7.794382713625262,2.6555961469409013,1,3,10,2725,True
2024-01-03 10:22:30,7.526100490403939,27.1087812775426,7.840304868804049,2.715232095127836,1,3,10,2790,True
2024-01-03 10:26:15,7.537705187907199,26.87087970003042,7.900919969165875,2.5503473206201073,1,3,10,2812,True
2024-01-03 10:30:00,7.529227076387,26.85074516970603,7.944242036033914,2.4959785425687047,1,3,10,2818,True
2024-01-03 10:33:45,7.573047379376364,26.7314662684295,8.305580660722228,2.622585355520288,1,3,10,2827,True
2024-01-03 10:37:30,7.546591823147295,26.77955179655954,8.04320453453491,2.6129327869331176,1,3,10,2855,True
2024-01-03 10:41:15,7.5280036536412505,26.85461484008426,8.290753828403114,2.3673891193338914,1,3,10,2864,True
2024-01-03 10:45:00,7.531739036431974,26.92481263543956,8.133915379645869,2.6234010934684733,1,3,10,2865,True
2024-01-03 10:48:45,7.586846774742531,26.95095107109472,8.073035228421778,2.5188208213827035,1,3,10,2866,True
2024-01-03 10:52:30,7.605508013043096,27.01368594304253,8.258286399424716,2.60851423060759,1,3,10,2885,True
2024-01-03 10:56:15,7.528294082804793,26.87597788478655,8.234504606800016,2.4727095184807064,1,3,10,2898,True
2024-01-04 09:00:00,7.364775012315694,27.04712160783815,7.895169843723797,6.979875975714731,1,4,9,2474,True
2024-01-04 09:15:00,7.338567507865064,26.86916813231835,8.574971249204344,7.38809388523693,1,4,9,2481,True
2024-01-04 09:30:00,7.474279262602684,26.83556693534337,8.244436728973016,6.647139301768649,1,4,9,2551,True
2024-01-04 09:45:00,7.4055805829701224,26.90201357619718,8.270969800363135,7.245927954091616,1,4,9,2554,True
2024-01-04 10:00:00,7.408490714025138,26.99939709485717,8.084108278451957,6.875205854544159,1,4,10,2603,True
2024-01-04 10:03:09,7.450125689294105,26.79413002884622,8.305345854971614,6.777962632149396,1,4,10,2605,True
2024-01-04 10:06:18,7.405581186883296,27.10087183871183,8.036191949748357,6.7494574635602484,1,4,10,2628,True
2024-01-04 10:09:27,7.286891921409628,27.08231484964238,8.43102178549456,7.03625976491708,1,4,10,2639,True
2024-01-04 10:12:36,7.494788588346591,26.90071003540093,8.411281078294122,6.765504754963457,1,4,10,2654,True
2024-01-04 10:15:45,7.50088084270176,27.2366699621575,7.988376967762775,6.685262069137622,1,4,10,2660,True
2024-01-04 10:18:54,7.491302184471409,26.94025235083151,8.287886544141736,6.520967910690631,1,4,10,2669,True
2024-01-04 10:22:03,7.5083850310475455,27.2976296878454,8.593594066421218,6.645398617623538,1,4,10,2694,True
2024-01-04 10:25:12,7.482308665209879,26.95830154050174,8.511675402547974,6.7750329653766475,1,4,10,2698,True
2024-01-04 10:28:21,7.474777078660112,27.00068446891928,8.623982722464948,7.147576387134412,1,4,10,2721,True
2024-01-04 10:31:30,7.428595894700102,27.08492861027521,8.22029626804184,2.6187455440677057,1,4,10,2734,True
2024-01-04 10:34:39,7.477443905123023,27.09216046367808,8.598289839247276,2.400876649095663,1,4,10,2737,True
2024-01-04 10:37:48,7.4867371827917815,26.98833155401375,8.096937397745513,2.4628288956132196,1,4,10,2740,True
2024-01-04 10:40:57,7.476365672950092,27.04225466031443,8.44478638227769,2.41033673859484,1,4,10,2754,True
2024-01-04 10:44:06,7.5113417139758205,26.98367142453939,8.216357033288908,2.4611714583763056,1,4,10,2796,True
2024-01-04 10:47:15,7.600370079073414,26.82044253261957,8.665511089730591,2.6170495614836518,1,4,10,2804,True
2024-01-04 10:50:24,7.5891264030950465,26.80248756107855,8.031836214328555,2.468310507189527,1,4,10,2820,True
2024-01-04 10:53:33,7.576546899399258,26.92715018862002,8.081629484387538,2.6107067640370727,1,4,10,2878,True
2024-01-04 10:56:42,7.578258077410836,26.81297782834043,8.493263603145424,2.614336454414025,1,4,10,2887,True
2024-01-04 20:00:00,8.456802920085252,26.92697981580575,7.921412339415331,2.422687943378121,1,4,20,251,True
2024-01-04 22:00:00,8.425654821110628,26.93621386364066,7.869947959913413,2.3825237193079922,1,4,22,761,True
2024-01-04 22:30:00,8.445228576952761,26.86105011518966,7.961581430721288,2.4791779386430806,1,4,22,894,True
2024-01-05 09:00:00,7.395011255476319,27.07452720190263,8.117334959736226,6.554309695885294,1,5,9,2483,True
2024-01-05 09:20:00,7.258505484343247,26.92199201204172,7.76302290481547,6.917626760532319,1,5,9,2521,True
2024-01-05 09:40:00,7.325063126993985,26.74314823510091,8.425154140076975,6.851565877682005,1,5,9,2543,True
2024-01-05 10:00:00,7.345555214277631,26.71705527620501,8.063669554752307,7.408518290497487,1,5,10,2572,True
2024-01-05 10:04:17,7.465341538256894,26.99502307980005,8.022986809976759,7.469684633115567,1,5,10,2604,True
2024-01-05 10:08:34,7.439957112530711,27.0028369981061,8.763973249346634,6.679968624391129,1,5,10,2633,True
2024-01-05 10:12:51,7.434818586801323,26.64738603628822,8.188895633900469,7.392373307088524,1,5,10,2638,True
2024-01-05 10:17:08,7.3607375149127385,26.92078731312981,7.947562778683007,7.407277195717562,1,5,10,2643,True
2024-01-05 10:21:25,7.459373742484111,26.74080125375069,7.895906861187382,6.758990723216006,1,5,10,2644,True
2024-01-05 10:25:42,7.424209326658188,26.98630664967681,8.278882730973887,7.295923999762973,1,5,10,2664,True
2024-01-05 10:29:59,7.38611582333017,27.23789948817281,8.24770361286641,6.673164833002263,1,5,10,2667,True
2024-01-05 10:34:16,7.527861635257692,26.75651535312197,8.607267718760442,6.829612842964389,1,5,10,2668,True
2024-01-05 10:38:33,7.525493526479298,26.62549007893945,8.070362496966954,6.867495990856577,1,5,10,2696,True
2024-01-05 10:42:50,7.495893072927078,26.69441403841435,8.188488244377227,6.669043687341743,1,5,10,2701,True
2024-01-05 10:47:07,7.537415921280252,26.66794561929042,8.214180334395207,2.554624125092688,1,5,10,2761,True
2024-01-05 10:51:24,7.601781729885326,26.66173587275459,8.134724257615593,2.425948902624302,1,5,10,2872,True
2024-01-05 10:55:41,7.59688582066429,27.0388133134581,8.071522226282871,2.5574876705780447,1,5,10,2893,True
2024-01-05 20:00:00,8.360155159893507,27.24365223989726,7.676124332382752,2.5343273305049223,1,5,20,113,True
2024-01-06 09:00:00,7.6479000483245745,26.85068953607345,8.163357845754396,2.804249774332435,1,6,9,2468,True
2024-01-06 09:10:00,7.495301685581661,26.76688240417341,8.215212831946465,6.660352862626345,1,6,9,2472,True
2024-01-06 09:20:00,7.274596691171487,26.92188531348697,8.321732763850349,6.8755518720930455,1,6,9,2473,True
2024-01-06 09:30:00,7.464908137110364,26.9171022663485,8.03945001139992,7.269914016907746,1,6,9,2482,True
2024-01-06 09:40:00,7.370099191189326,26.9564399746161,8.32756375905483,7.252155520881792,1,6,9,2541,True
2024-01-06 09:50:00,7.3608445887115925,26.78087265898592,8.384531215667923,7.1542572318317665,1,6,9,2558,True
2024-01-06 10:00:00,7.47769497768109,26.92407417354632,8.365905067602442,6.662116009951928,1,6,10,2579,True
2024-01-06 10:04:17,7.4496577918458255,26.77626644873344,8.09307615548653,7.4232676365182755,1,6,10,2582,True
2024-01-06 10:08:34,7.470464084330434,26.98614218052558,8.850212286308285,6.61181353913752,1,6,10,2613,True
2024-01-06 10:12:51,7.5188159338570895,27.04683816190714,7.930115548192918,7.076838371045124,1,6,10,2671,True
2024-01-06 10:17:08,7.502646232478659,27.10579674213495,8.161584381471215,6.815148829562595,1,6,10,2673,True
2024-01-06 10:21:25,7.488915415694599,27.19444484710294,8.424862697159652,6.897052446982192,1,6,10,2680,True
2024-01-06 10:25:42,7.509712168383372,26.9885061767709,8.25901933300728,6.774300449975214,1,6,10,2683,True
2024-01-06 10:29:59,7.501417017488263,26.88750976735243,8.390837352931614,6.565472743273154,1,6,10,2705,True
2024-01-06 10:34:16,7.382312871237295,27.0300601068543,8.010581782236441,2.540214225590322,1,6,10,2735,True
2024-01-06 10:38:33,7.459188587397361,26.6082760548797,8.126830794741714,2.757718195379064,1,6,10,2738,True
2024-01-06 10:42:50,7.586086739875636,26.91359913135612,7.742776861540083,2.798896410249712,1,6,10,2799,True
2024-01-06 10:47:07,7.551138842870978,26.82662380967258,8.29542466032194,2.509184941104771,1,6,10,2843,True
2024-01-06 10:51:24,7.5805318601320995,27.02570643974848,8.58964027442801,2.5928366070663285,1,6,10,2858,True
2024-01-06 10:55:41,7.563602692672516,26.75319250132504,8.029155127551102,2.652916283780433,1,6,10,2900,True
2024-01-06 20:00:00,8.462378304512914,26.84015397450497,7.899817711426471,2.441798815766541,1,6,20,238,True
2024-01-06 22:00:00,8.424899491856424,26.90349542768723,8.01355267507584,2.59866818540454,1,6,22,764,True
2024-01-07 00:00:00,8.48790382518607,26.91605303362316,8.03345206872951,2.3833022732149414,1,7,0,1640,True
2024-01-07 09:00:00,7.3594259460855636,26.85925208442167,8.592279145694608,6.927969308747938,1,7,9,2479,True
2024-01-07 09:15:00,7.371586717121174,26.98929762541884,8.42950411175802,7.432185000729653,1,7,9,2512,True
2024-01-07 09:30:00,7.209587102178831,26.84949063078741,8.656475713592672,7.0375440270129594,1,7,9,2523,True
2024-01-07 09:45:00,7.410637960315903,26.91850924720232,8.27619072508986,7.014487949146518,1,7,9,2547,True
2024-01-07 10:00:00,7.353267363908968,27.07837567982823,8.380006645637424,7.28908900177752,1,7,10,2573,True
2024-01-07 10:04:36,7.414016739403444,26.71289035334543,8.459176481957964,6.767680412448388,1,7,10,2584,True
2024-01-07 10:09:12,7.420273681038411,26.87453653457914,8.307683751731885,6.792696763710142,1,7,10,2590,True
2024-01-07 10:13:48,7.455688609548382,26.95573431873177,8.064220595531289,6.755751145518346,1,7,10,2624,True
2024-01-07 10:18:24,7.423238461393011,26.9682732467603,8.346210687503754,7.32344648832867,1,7,10,2637,True
2024-01-07 10:23:00,7.55374940199073,27.01510854935726,8.522287427679402,6.480522519545577,1,7,10,2650,True
2024-01-07 10:27:36,7.522310802106974,26.95749426962251,8.170195450400085,7.3062783275309835,1,7,10,2708,True
2024-01-07 10:32:12,7.512668993679098,26.95395544057243,8.168974652429085,6.511042044656932,1,7,10,2710,True
2024-01-07 10:36:48,7.4730080399881516,27.04079295954909,8.160095907570687,2.5234266579797646,1,7,10,2747,True
2024-01-07 10:41:24,7.463167747056506,26.95456282115829,8.093957326842023,2.665019557100486,1,7,10,2779,True
2024-01-07 10:46:00,7.598313839927058,27.01491265288211,8.654169061438006,2.529903584704759,1,7,10,2833,True
2024-01-07 10:50:36,7.608839918932934,26.77946649872925,8.518108095019384,2.4365206869881693,1,7,10,2849,True
2024-01-07 10:55:12,7.614643737455354,26.94247164846631,7.885747757725678,2.5175525734056485,1,7,10,2867,True
2024-01-07 20:00:00,8.42160050599695,27.24381950047898,8.050854806515954,2.5831243151795427,1,7,20,147,True
2024-01-07 22:00:00,8.449171346106976,26.80065772927895,7.957444678264317,2.5686698807949715,1,7,22,778,True
2024-01-08 09:00:00,7.38802773514168,27.03813177341063,8.444161887281126,7.167456652603121,1,8,9,2514,True
2024-01-08 09:30:00,7.500958198479601,26.965017185369,8.432211682757526,6.671382004711359,1,8,9,2552,True
2024-01-08 10:00:00,7.438587502511943,26.85185167911676,8.031720931649913,6.807852842402721,1,8,10,2630,True
2024-01-08 10:05:27,7.418982335241141,27.0510006997169,8.121470797784047,7.235273325415379,1,8,10,2636,True
2024-01-08 10:10:54,7.370462940246151,26.82660401923357,7.787541609928036,6.929928043972245,1,8,10,2642,True
2024-01-08 10:16:21,7.5458202506355665,26.96856360567903,8.000640816445,6.8801453946595235,1,8,10,2649,True
2024-01-08 10:21:48,7.4540989348854785,26.79842125923147,8.350977441539715,2.5998131742785993,1,8,10,2744,True
2024-01-08 10:27:15,7.485937393704484,27.00448104872265,8.008946152153786,2.6893969489830267,1,8,10,2749,True
2024-01-08 10:32:42,7.528883041376525,26.82805739248403,8.047787563772568,2.571958990754742,1,8,10,2760,True
2024-01-08 10:38:09,7.4598175125562465,26.7380647595184,8.223293444682445,2.615041758474345,1,8,10,2768,True
2024-01-08 10:43:36,7.572827956397571,27.17587035472651,8.141959200377675,2.5019528523496506,1,8,10,2829,True
2024-01-08 10:49:03,7.56416310563478,26.67749393678257,8.22838192340755,2.430033889087057,1,8,10,2842,True
2024-01-08 10:54:30,7.586603285108461,26.99197268521335,7.931030655386174,2.6665870783520353,1,8,10,2861,True
2024-01-09 09:00:00,7.444007940695743,26.75339861618698,8.268969130164136,6.934231665826355,1,9,9,2486,True
2024-01-09 09:20:00,7.3802801565020335,26.95173583868866,8.275412775337482,7.336006258057709,1,9,9,2548,True
2024-01-09 09:40:00,7.364360933352276,26.7738223713816,8.058123264710614,7.279977383927064,1,9,9,2564,True
2024-01-09 10:00:00,7.446702512956925,26.838923915078,8.250768698881227,6.883835101005821,1,9,10,2594,True
2024-01-09 10:06:40,7.482466000422638,26.76431892274003,8.271572574892657,6.619131209697146,1,9,10,2607,True
2024-01-09 10:13:20,7.400176848238225,26.98660078718442,8.328848454009304,6.834090788353962,1,9,10,2635,True
2024-01-09 10:20:00,7.433704951154352,26.74016160327988,8.361877230447917,2.5892403316496417,1,9,10,2746,True
2024-01-09 10:26:40,7.505153652676773,26.87783348107276,8.439598954661697,2.598683040698503,1,9,10,2759,True
2024-01-09 10:33:20,7.541067804802141,26.63962209623797,8.23786302218116,2.7185490057696593,1,9,10,2793,True
2024-01-09 10:40:00,7.515918261549018,26.79211443166528,7.961207113394273,2.4465930819993575,1,9,10,2801,True
2024-01-09 10:46:40,7.547546212378258,26.76765767310019,8.113206424753626,2.581106388000924,1,9,10,2856,True
2024-01-09 10:53:20,7.55684452088285,26.96629564037471,7.921730270802026,2.4518809829254056,1,9,10,2904,True
2024-01-09 22:00:00,8.414433892546159,26.90907886321844,8.031214288963538,2.515480899275841,1,9,22,1069,True
2024-01-10 01:00:00,8.449327835474307,26.84076396829307,8.069123330657492,2.5003689107432154,1,10,1,1919,True
2024-01-10 09:00:00,7.406208050124958,26.99933307137263,8.202667458609488,7.177065258161669,1,10,9,2498,True
2024-01-10 10:00:00,7.414696129315459,27.16048320861379,8.11027326910196,6.609304566440655,1,10,10,2581,True
2024-01-10 10:04:17,7.374769524320605,26.81017958621092,8.445362071043336,6.8382961205738555,1,10,10,2615,True
2024-01-10 10:08:34,7.400001332879083,26.67374352839561,8.033089237845582,7.39013077297179,1,10,10,2626,True
2024-01-10 10:12:51,7.457453881634885,27.23754700206286,7.937844624988697,7.410286233368862,1,10,10,2661,True
2024-01-10 10:17:08,7.488648880599413,26.78917488561021,8.278577933688938,6.883910732840755,1,10,10,2672,True
2024-01-10 10:21:25,7.509863578353631,27.20093140606886,8.214320208193783,6.740006861380154,1,10,10,2690,True
2024-01-10 10:25:42,7.496695386948205,26.79584975253334,7.920348868142207,6.581458030374535,1,10,10,2695,True
2024-01-10 10:29:59,7.492440402119013,27.13729544152581,8.190639835430673,6.880578947670949,1,10,10,2709,True
2024-01-10 10:34:16,7.5612607680491895,27.18914962774394,8.761475026788371,6.587125821772842,1,10,10,2714,True
2024-01-10 10:38:33,7.529891944225526,26.67730683962195,8.078001404418703,2.404562980020701,1,10,10,2751,True
2024-01-10 10:42:50,7.444754207991743,26.87959339775822,8.314549794967252,2.5548846072061435,1,10,10,2778,True
2024-01-10 10:47:07,7.571973986962751,27.09015482877665,8.210943001348408,2.44581994555899,1,10,10,2786,True
2024-01-10 10:51:24,7.590802329804935,26.77122727874039,8.238528263115564,2.4881327854778315,1,10,10,2841,True
2024-01-10 10:55:41,7.538162254395775,26.91773707886614,8.361801828814484,2.4888901258928624,1,10,10,2860,True
2024-01-10 20:00:00,8.491581766274596,26.95011013262992,7.893322241512624,2.582987585200015,1,10,20,163,True
2024-01-11 09:00:00,7.348831441506924,26.73246788366254,7.989376456145608,7.3622144548004815,1,11,9,2477,True
2024-01-11 09:12:00,7.483869901998499,26.94481965331491,8.25002065949182,6.910892803918958,1,11,9,2487,True
2024-01-11 09:24:00,7.3668107954104665,26.71187034898561,8.03751365610193,6.850706240409564,1,11,9,2513,True
2024-01-11 09:36:00,7.355290858301098,26.72545133960797,8.192790645434927,6.926239247349183,1,11,9,2519,True
2024-01-11 09:48:00,7.347008345579302,26.83150593013636,7.855678559601413,6.645460907183974,1,11,9,2544,True
2024-01-11 10:00:00,7.471525843149628,26.80143363980759,8.235472522047987,7.3246172605484965,1,11,10,2599,True
2024-01-11 10:06:00,7.434404544348136,27.04908507910514,8.270255676331901,6.609812615550551,1,11,10,2622,True
2024-01-11 10:12:00,7.5023047945692145,26.85873325433693,8.35609249807915,6.720306930146796,1,11,10,2679,True
2024-01-11 10:18:00,7.51348218573801,26.9596284394266,8.172894277567645,6.535590625716894,1,11,10,2718,True
2024-01-11 10:24:00,7.50657795089075,26.88591221826153,8.342044050142528,2.383186214456626,1,11,10,2752,True
2024-01-11 10:30:00,7.549510515710496,26.82101986176608,8.151069682439774,2.5937669832507964,1,11,10,2775,True
2024-01-11 10:36:00,7.599927621405414,26.92349379573174,8.112377878710124,2.7077733687970214,1,11,10,2791,True
2024-01-11 10:42:00,7.584150414079865,26.99400960488546,7.70369303747738,2.7302454866576826,1,11,10,2838,True
2024-01-11 10:48:00,7.534411277523463,27.00351974397125,8.22572243172091,2.57861968770744,1,11,10,2869,True
2024-01-11 10:54:00,7.655018034691635,26.69756462956692,8.056282098402667,2.5206363237339553,1,11,10,2903,True
2024-01-12 02:00:00,8.446769702196175,26.69304449489678,7.864518240195613,2.4275041263366597,1,12,2,2177,True
2024-01-12 02:30:00,8.52404453434798,26.76551965643239,8.166906569502602,2.4326073020238277,1,12,2,2271,True
2024-01-12 09:00:00,7.418721919333272,26.76000844782716,8.101483758634208,7.231410845796441,1,12,9,2502,True
2024-01-12 09:12:00,7.4143366956938035,26.90896258577607,8.1470034022104,6.874466407055607,1,12,9,2539,True
2024-01-12 09:24:00,7.378608128885215,26.92370525780242,8.029856714991647,7.11589159917681,1,12,9,2546,True
2024-01-12 09:36:00,7.349227869063534,26.72707585364873,8.05951309679492,6.884624209289447,1,12,9,2561,True
2024-01-12 09:48:00,7.336678673483608,26.67087740479006,8.322673593812763,6.632649874637554,1,12,9,2562,True
2024-01-12 10:00:00,7.48912084578231,27.00421534963648,8.165211919708444,6.905310444681812,1,12,10,2652,True
2024-01-12 10:06:40,7.419245390442736,26.87525305257266,8.279461267866848,6.786208701907307,1,12,10,2665,True
2024-01-12 10:13:20,7.555762024760938,26.87392932244369,8.437787889931835,6.6693983736492255,1,12,10,2685,True
2024-01-12 10:20:00,7.519118348879718,26.98130930103839,7.762770198743977,7.252033430869838,1,12,10,2693,True
2024-01-12 10:26:40,7.514745479561089,27.00140525855604,8.463373557579692,6.645019351910652,1,12,10,2720,True
2024-01-12 10:33:20,7.49544421756014,26.98182190363111,7.89347728984741,2.6544441583497815,1,12,10,2743,True
2024-01-12 10:40:00,7.489371567065007,26.9298824106652,8.159361199863614,2.3129471628095466,1,12,10,2745,True
2024-01-12 10:46:40,7.549531452400567,27.11464238258899,8.069242104372282,2.6940917967861395,1,12,10,2826,True
2024-01-12 10:53:20,7.615350641482067,26.7753727587658,8.196248785400572,2.3874251181615644,1,12,10,2847,True
2024-01-13 09:00:00,7.390972506905915,26.80283182040933,8.436842612581184,6.638950236688032,1,13,9,2493,True
2024-01-13 09:30:00,7.384547439340755,26.64128016326866,8.311322569391994,7.21513736428818,1,13,9,2511,True
2024-01-13 10:00:00,7.387455480085689,26.84383620253948,8.226105926069238,6.711107394775736,1,13,10,2570,True
2024-01-13 10:04:36,7.43470086609018,26.90881283603462,8.256088897179161,6.817897818219559,1,13,10,2606,True
2024-01-13 10:09:12,7.426657363705891,27.07021809835338,8.298076251440984,6.988749202717539,1,13,10,2619,True
2024-01-13 10:13:48,7.554485175643226,26.81396454394203,7.992595141229128,6.759176683820171,1,13,10,2722,True
2024-01-13 10:18:24,7.46724661514595,26.95541765968908,8.364496960325319,2.5616161985083643,1,13,10,2726,True
2024-01-13 10:23:00,7.522160767009987,27.2213838680612,8.506840612863321,2.856868284367915,1,13,10,2782,True
2024-01-13 10:27:36,7.546481552105185,27.06552717908608,7.986586886570608,2.5490174344347722,1,13,10,2794,True
2024-01-13 10:32:12,7.5480507736525535,27.02975039556199,8.396288700353754,2.4816746854812877,1,13,10,2824,True
2024-01-13 10:36:48,7.526614524423177,26.88328064822432,8.072710427570314,2.6384798554882756,1,13,10,2832,True
2024-01-13 10:41:24,7.521440946265103,26.91663012615772,8.186919663193645,2.608927897423068,1,13,10,2834,True
2024-01-13 10:46:00,7.549907982584408,26.9256933922074,8.291053718638022,2.7044733254678652,1,13,10,2836,True
2024-01-13 10:50:36,7.578010666150811,26.84180831279762,7.992715740064405,2.5448006962433896,1,13,10,2837,True
2024-01-13 10:55:12,7.560140644819999,26.70433858754762,8.435104039941743,2.5698193794463884,1,13,10,2895,True
2024-01-13 20:00:00,8.447497040229285,27.03684189356146,8.049371731445548,2.6322167002678736,1,13,20,198,True
2024-01-13 22:00:00,8.41919604051002,27.15911138316092,8.159795760455435,2.4458986474746656,1,13,22,801,True
2024-01-13 22:30:00,8.50324838452013,26.85941851999467,7.937683421283912,2.5912323683113585,1,13,22,1010,True
2024-01-14 01:00:00,8.446054113223292,26.76687887215401,7.797138404544145,2.3931006964466475,1,14,1,2074,True
2024-01-14 09:00:00,7.8479045846038895,20.05608035360137,7.760870320342572,2.5717843660910877,1,14,9,2464,True
2024-01-14 09:20:00,7.45252430885236,26.97723258669297,8.487943391527224,7.262155849866247,1,14,9,2550,True
2024-01-14 09:40:00,7.441500056883047,26.82185163600493,8.03535516626385,7.2162347978011985,1,14,9,2567,True
2024-01-14 10:00:00,7.310463783672155,26.81700772829753,8.466929733062813,7.400206918036879,1,14,10,2574,True
2024-01-14 10:04:36,7.478787554769457,27.23098387523083,8.226978195740857,6.849550700353974,1,14,10,2577,True
2024-01-14 10:09:12,7.4707966187942745,26.71781840354121,7.991530084469397,6.754111383205216,1,14,10,2588,True
2024-01-14 10:13:48,7.4648324295501425,26.78688173422244,7.705303336103533,6.8372550172356625,1,14,10,2610,True
2024-01-14 10:18:24,7.564598936314768,26.79247369033615,8.349196718629452,6.65684632096881,1,14,10,2712,True
2024-01-14 10:23:00,7.482215067538698,26.88806623948403,7.98153178685642,7.071858877929448,1,14,10,2719,True
2024-01-14 10:27:36,7.500411781912384,26.94944904033059,8.076087462078352,2.7098149967219185,1,14,10,2762,True
2024-01-14 10:32:12,7.433672046905198,26.898277219692,7.764573912775348,2.5306798164038375,1,14,10,2776,True
2024-01-14 10:36:48,7.489442631021835,26.92084234870709,8.342302322908786,2.475440259929866,1,14,10,2781,True
2024-01-14 10:41:24,7.554606158475217,26.76765482760589,8.816049073081235,2.6362464893807798,1,14,10,2839,True
2024-01-14 10:46:00,7.558513572318827,26.90654489793788,8.250659896821583,2.5841097155267923,1,14,10,2876,True
2024-01-14 10:50:36,7.5580953154073915,26.58375728121497,8.130986001282817,2.6170744750687684,1,14,10,2879,True
2024-01-14 10:55:12,7.573793861352721,26.99748447916854,8.202043283358758,2.5402369066198234,1,14,10,2896,True
2024-01-14 20:00:00,8.488393625592062,26.90311464733674,8.028949942511135,2.368141701543469,1,14,20,349,True
2024-01-14 21:00:00,8.44635306509177,27.06552668581471,7.988327822323529,2.5856757440422142,1,14,21,617,True
2024-01-15 09:00:00,7.779266911407943,26.98010631692529,8.087585787071808,2.548149545256359,1,15,9,2466,True
2024-01-15 09:08:34,7.360419193714975,26.90111133484199,8.175932508894196,7.20281484308804,1,15,9,2503,True
2024-01-15 09:17:08,7.283862991053998,26.62608276685744,7.938739851432475,6.879753886205261,1,15,9,2510,True
2024-01-15 09:25:42,7.33543363309683,26.71864739986581,8.511608425633328,7.339838215666078,1,15,9,2531,True
2024-01-15 09:34:16,7.38587152198358,26.85679875858211,8.3214667942157,7.328965553363113,1,15,9,2533,True
2024-01-15 09:42:50,7.425981918813682,26.75882738335161,8.618569280806838,6.656293834698284,1,15,9,2537,True
2024-01-15 09:51:24,7.373187364636432,27.0101102307321,8.103615933008504,6.755209640201393,1,15,9,2560,True
2024-01-15 10:00:00,7.440619053193395,26.88599251676574,8.409286029660485,6.762853184324721,1,15,10,2646,True
2024-01-15 10:08:34,7.415005951450843,26.99708647759168,8.176903155244062,2.4684832218468498,1,15,10,2729,True
2024-01-15 10:17:08,7.445691516464052,26.82772623841405,8.352500058819674,2.5646135652336595,1,15,10,2736,True
2024-01-15 10:25:42,7.4525589450122585,26.91144940063612,8.280961581082519,2.7221226705204353,1,15,10,2742,True
2024-01-15 10:34:16,7.4609899922050955,26.77147592278986,8.066390489583972,2.4722414640586043,1,15,10,2771,True
2024-01-15 10:42:50,7.573431440569013,26.56872008682916,8.0181380418021,2.6972947964030647,1,15,10,2825,True
2024-01-15 10:51:24,7.627648420027451,26.92854745317075,8.311083690855291,2.297405307755394,1,15,10,2880,True
2024-01-15 20:00:00,8.421191633688046,26.88649905482821,8.158864340550046,2.5779716670467248,1,15,20,229,True
2024-01-15 21:00:00,8.479476077636482,26.90675735832339,7.984791728176258,2.4412824780166265,1,15,21,535,True
2024-01-16 09:00:00,7.401264144940602,26.61068066211218,8.365792832237315,7.186207333614345,1,16,9,2516,True
2024-01-16 09:15:00,7.412141962766968,26.93781976849137,7.617789563640032,7.3942474378800584,1,16,9,2524,True
2024-01-16 09:30:00,7.377278908687415,26.71798337191507,8.464061974721766,7.471420150536913,1,16,9,2525,True
2024-01-16 09:45:00,7.361555373378071,27.28440032997182,8.241171438743303,7.355772268165555,1,16,9,2553,True
2024-01-16 10:00:00,7.401088757797269,26.70488410297629,8.308606923915812,6.663255585669024,1,16,10,2575,True
2024-01-16 10:15:00,7.450876037729794,27.12215556244207,8.400558237144166,6.78082434234594,1,16,10,2611,True
2024-01-16 10:30:00,7.541033681240844,27.18732396257218,8.489442463594683,7.105933061117919,1,16,10,2678,True
2024-01-16 10:45:00,7.518132003944951,27.16565471589413,7.984040615546264,6.702503645315207,1,16,10,2700,True
2024-01-17 00:00:00,8.476045340753057,26.63241497485514,7.524590785539878,2.5057625463452813,1,17,0,1576,True
2024-01-17 00:30:00,8.472005290589744,26.84482206000246,8.03647656093703,2.2851935064236395,1,17,0,1749,True
2024-01-17 02:00:00,8.51711828773465,26.82600860660496,8.031974170494296,2.387366334585182,1,17,2,2370,True
2024-01-17 09:00:00,7.858476978892812,20.39301612865567,8.555616966533028,2.661874410701635,1,17,9,2465,True
2024-01-17 09:12:00,7.43749703234597,27.19646265425615,8.419122787211327,6.82502388580842,1,17,9,2491,True
2024-01-17 09:24:00,7.3785323478173375,27.02468057941452,8.349917161006276,6.907098274858871,1,17,9,2495,True
2024-01-17 09:36:00,7.419486001809236,27.00152710553452,8.131825969847835,7.5011684027813255,1,17,9,2501,True
2024-01-17 09:48:00,7.385286172193405,27.07573134957479,8.23385098381339,7.393750309576052,1,17,9,2527,True
2024-01-17 10:00:00,7.420791747685899,26.93421895979251,8.14447929688621,6.726382594883341,1,17,10,2585,True
2024-01-17 10:04:36,7.409419261127811,26.84304744928005,8.026601684757233,7.297226635054016,1,17,10,2632,True
2024-01-17 10:09:12,7.431372857972038,27.08745928955093,7.947468229386693,7.302062392177636,1,17,10,2634,True
2024-01-17 10:13:48,7.438648788316726,27.03225682628436,8.536272222312316,6.609269477968111,1,17,10,2645,True
2024-01-17 10:18:24,7.527656940692379,26.73177879564757,8.232284538814877,6.642420350037708,1,17,10,2651,True
2024-01-17 10:23:00,7.509645431494095,27.02519170702846,8.274488629886445,6.58263378184988,1,17,10,2684,True
2024-01-17 10:27:36,7.519965863523606,26.8162989552564,8.42621599321192,6.75004261207228,1,17,10,2686,True
2024-01-17 10:32:12,7.49332098869666,26.91898292340141,8.074722385742412,2.3582613222343785,1,17,10,2767,True
2024-01-17 10:36:48,7.587096881809264,26.86198177105081,8.256364954496235,2.568923729527081,1,17,10,2810,True
2024-01-17 10:41:24,7.572319514374066,26.94938034403245,8.104195422245711,2.597171461941033,1,17,10,2817,True
2024-01-17 10:46:00,7.590919751948498,26.76678944113829,8.092530064452177,2.574355460291493,1,17,10,2835,True
2024-01-17 10:50:36,7.541501919521979,26.92030599234405,8.12576471329236,2.5823292833007057,1,17,10,2863,True
2024-01-17 10:55:12,7.606502199937569,26.86454101824329,8.050833729066275,2.510241412019487,1,17,10,2884,True
2024-01-17 19:00:00,8.406466527548444,27.04181379504901,7.96820469254629,2.456194686372159,1,17,19,49,True
2024-01-17 22:00:00,8.435061563211914,26.76395040636065,7.659563786190516,2.456165680611896,1,17,22,824,True
2024-01-17 22:30:00,8.484945975316405,26.93857621714349,7.457763493522204,2.4771513076988994,1,17,22,844,True
2024-01-18 00:00:00,8.41984280979075,26.96915971497891,7.573408842907634,2.508883522751638,1,18,0,1433,True
2024-01-18 09:00:00,7.500392247869808,26.81310506977009,8.343658900044375,7.0123502968271465,1,18,9,2489,True
2024-01-18 09:20:00,7.395565072172265,26.97758425221855,8.356724593254013,6.60365817221866,1,18,9,2500,True
2024-01-18 09:40:00,7.459034789552948,26.92044285184204,7.604697449444831,6.730777364212197,1,18,9,2549,True
2024-01-18 10:00:00,7.410615410662527,26.9291495141912,8.39587812239313,7.272936343509135,1,18,10,2576,True
2024-01-18 10:05:00,7.470501979339419,27.06282652170597,8.129014383644257,7.009125512052261,1,18,10,2659,True
2024-01-18 10:10:00,7.516734957897609,26.83706405964655,8.232448151417017,6.848123090209356,1,18,10,2682,True
2024-01-18 10:15:00,7.512561329642144,26.94152658544189,7.982149756735255,7.249918617314871,1,18,10,2689,True
2024-01-18 10:20:00,7.453031288304614,26.73987890529786,7.855046291971512,2.4528647315386545,1,18,10,2741,True
2024-01-18 10:25:00,7.589280007801698,27.03848426333838,8.10098014709165,2.404387755006357,1,18,10,2802,True
2024-01-18 10:30:00,7.566205076706639,26.75351588196681,7.765558089646954,2.4299121996116226,1,18,10,2831,True
2024-01-18 10:35:00,7.549119481651627,26.74779809786384,8.130634012391562,2.3849996127216926,1,18,10,2850,True
2024-01-18 10:40:00,7.586170261037357,26.52665140099702,8.067424324790528,2.506139429529844,1,18,10,2853,True
2024-01-18 10:45:00,7.561614651949035,26.87849732685275,8.06195581199055,2.56158831438968,1,18,10,2871,True
2024-01-18 10:50:00,7.604960298960716,26.99705176901779,8.204083487878261,2.4535222989903898,1,18,10,2888,True
2024-01-18 10:55:00,7.608187889816806,26.90236587713072,8.402661743387085,2.3608186538030633,1,18,10,2894,True
2024-01-19 02:00:00,8.506498670445579,26.93937240968251,7.7809444251477,2.544106900888909,1,19,2,2382,True
2024-01-19 09:00:00,7.52317541902102,26.77445848169447,8.003400449269577,6.6066496621608835,1,19,9,2469,True
2024-01-19 09:10:00,7.2640387529298875,27.07921804667939,8.231298658119016,7.02922050772697,1,19,9,2476,True
2024-01-19 09:20:00,7.310414228465358,26.70876101249537,8.36295762225311,7.223434451550857,1,19,9,2508,True
2024-01-19 09:30:00,7.385093744304582,27.08994108836811,8.330542853399031,7.2615898886986106,1,19,9,2528,True
2024-01-19 09:40:00,7.4484959487146725,26.81607910713607,8.072025076187685,7.218611565411717,1,19,9,2556,True
2024-01-19 09:50:00,7.3498124718117115,26.9180294194694,8.159616106050576,6.621457558920888,1,19,9,2559,True
2024-01-19 10:00:00,7.430023554364314,27.1365170065388,8.408987466734532,7.179458890619328,1,19,10,2595,True
2024-01-19 10:07:30,7.544083138500493,26.92288535305412,8.284202150198322,6.782394617361171,1,19,10,2703,True
2024-01-19 10:15:00,7.418140276648901,26.72851211420178,8.079136714547106,2.438109417415618,1,19,10,2728,True
2024-01-19 10:22:30,7.441124677895468,27.03724082199227,8.232516690572652,2.471247408251267,1,19,10,2730,True
2024-01-19 10:30:00,7.571847536028072,26.9182356016906,8.512170112609983,2.7363484808828384,1,19,10,2792,True
2024-01-19 10:37:30,7.608301789039898,26.99060554401368,8.551685075662299,2.5908777955157465,1,19,10,2811,True
2024-01-19 10:45:00,7.547348350937806,27.00341715100514,8.026645505850228,2.443305305258815,1,19,10,2844,True
2024-01-19 10:52:30,7.609012324228949,26.90880643871111,8.055470258540364,2.50285303971596,1,19,10,2846,True
2024-01-19 22:00:00,8.442014264381463,26.99872431971732,7.871014450190311,2.4316902999441674,1,19,22,904,True
2024-01-20 00:00:00,8.408031555765715,26.73576936778631,7.720089840389673,2.413018730631554,1,20,0,1502,True
2024-01-20 09:00:00,7.432647231883974,26.77380859826101,8.334646300845742,6.680852205373107,1,20,9,2471,True
2024-01-20 09:10:00,7.44848600673026,27.02610251852114,7.933523117412277,6.72264725763833,1,20,9,2490,True
2024-01-20 09:20:00,7.383953408309122,26.71897523239118,8.034839833087505,7.363029989693127,1,20,9,2515,True
2024-01-20 09:30:00,7.3957547892978415,26.77789418688342,8.411425964313981,7.26643253592666,1,20,9,2526,True
2024-01-20 09:40:00,7.381038584448131,26.91681877071074,7.760977308252256,7.2025795127372225,1,20,9,2535,True
2024-01-20 09:50:00,7.366211136009517,27.19476450176924,7.866654599671409,7.326547701240826,1,20,9,2542,True
2024-01-20 10:00:00,7.3624865934697405,27.06746995328482,8.145230707271928,7.241920811379025,1,20,10,2631,True
2024-01-20 10:04:17,7.494758324049291,26.88950027365475,7.916056025763156,7.127551963435562,1,20,10,2655,True
2024-01-20 10:08:34,7.551960890462139,27.07557004663986,8.56444512405584,6.838155520175256,1,20,10,2681,True
2024-01-20 10:12:51,7.486044824239778,27.15264162038828,8.279347699562134,6.89432031607748,1,20,10,2692,True
2024-01-20 10:17:08,7.557696596370358,26.84016738060959,8.069760584985314,6.776364619122919,1,20,10,2715,True
2024-01-20 10:21:25,7.373880849262636,26.49458968330631,7.841129614185415,2.7675687344029205,1,20,10,2727,True
2024-01-20 10:25:42,7.3652343877854545,27.00526864428513,8.547535082804266,2.6194066206387174,1,20,10,2733,True
2024-01-20 10:29:59,7.5151845635539605,26.89453223991025,8.273092194903503,2.4154814390593113,1,20,10,2750,True
2024-01-20 10:34:16,7.545656161555958,26.91569274370909,8.460047826690044,2.608597866522407,1,20,10,2797,True
2024-01-20 10:38:33,7.5633750887030935,26.8827996763666,8.421080015375166,2.7224916528742753,1,20,10,2809,True
2024-01-20 10:42:50,7.541398562808273,26.81750890354071,8.026893106273892,2.6084017278805876,1,20,10,2852,True
2024-01-20 10:47:07,7.586067412678435,26.89717987740943,8.175978072987792,2.78050118661708,1,20,10,2882,True
2024-01-20 10:51:24,7.587056933186152,26.93844185972527,8.398635872437515,2.6467899612981087,1,20,10,2883,True
2024-01-20 10:55:41,7.591256758677614,27.07440142138004,8.097846166954778,2.2619488840264586,1,20,10,2897,True
2024-01-20 20:00:00,8.43551401062301,27.05495840352866,8.075647507863891,2.631550416795806,1,20,20,221,True
2024-01-20 22:00:00,8.47813649363191,26.98519205730396,7.797826348344735,2.557881523114675,1,20,22,973,True
2024-01-20 23:00:00,8.473196550224193,26.825904283263,7.351138957651082,2.4690863891006294,1,20,23,1207,True
2024-01-21 09:00:00,7.788164107959474,20.33049256158416,7.932025865594478,2.7779682407521173,1,21,9,2467,True
2024-01-21 09:20:00,7.51630016636363,26.77724345389773,8.376490154419063,6.599029255010083,1,21,9,2485,True
2024-01-21 09:40:00,7.232622345700116,27.00104697399107,8.046457371610074,7.089936246719967,1,21,9,2536,True
2024-01-21 10:00:00,7.467355375048391,26.92321033702148,8.324376115119314,7.247675896449285,1,21,10,2580,True
2024-01-21 10:04:17,7.460589843221134,26.72633167944052,8.326316733133993,6.747387299863907,1,21,10,2593,True
2024-01-21 10:08:34,7.40392033917238,27.02783469759742,8.084501181004818,7.271339142884908,1,21,10,2597,True
2024-01-21 10:12:51,7.491402525998182,27.02133340729444,7.710286458402962,6.7535661703038015,1,21,10,2617,True
2024-01-21 10:17:08,7.532655169444901,26.88579491452155,8.081150137034573,6.9948177377342375,1,21,10,2687,True
2024-01-21 10:21:25,7.48382445374052,27.06468992128516,8.51226875787795,6.919060771204471,1,21,10,2707,True
2024-01-21 10:25:42,7.4730235631990976,27.14143026387555,8.162375353805672,2.640364500811181,1,21,10,2755,True
2024-01-21 10:29:59,7.512458899322507,26.80983261025925,8.243169159079555,2.5694909137209025,1,21,10,2757,True
2024-01-21 10:34:16,7.518566346627766,27.1065872047612,8.158178735750496,2.5652046128869608,1,21,10,2765,True
2024-01-21 10:38:33,7.464518640394218,26.83566633161618,8.1570189201221,2.329899529237007,1,21,10,2777,True
2024-01-21 10:42:50,7.580168848176688,26.65452405487626,8.430466139694653,2.65537943873588,1,21,10,2783,True
2024-01-21 10:47:07,7.524105715485439,27.0577349859759,8.346921950849099,2.5421368558492405,1,21,10,2828,True
2024-01-21 10:51:24,7.557861848764438,26.64638638921224,8.01077129997804,2.6356493627510384,1,21,10,2840,True
2024-01-21 10:55:41,7.610214192510535,26.91223887340882,8.213542578727074,2.6471314620799147,1,21,10,2848,True
2024-01-21 20:00:00,8.46951785398439,26.82135336978629,7.640703369641312,2.3053424694205686,1,21,20,253,True
2024-01-22 09:00:00,7.271379817652692,26.91691302371834,7.908874883319455,6.906065905655287,1,22,9,2470,True
2024-01-22 09:15:00,7.51620337426158,26.87391261530276,8.130472284694322,6.754356547031682,1,22,9,2484,True
2024-01-22 09:30:00,7.385487667154864,26.90742207361205,8.142353975747389,7.2073134567499615,1,22,9,2496,True
2024-01-22 09:45:00,7.330545070752801,26.87041139308664,8.48788804293109,7.317790475921125,1,22,9,2509,True
2024-01-22 10:00:00,7.4650732921083245,26.82643978470394,8.543738119799041,6.819949954790296,1,22,10,2591,True
2024-01-22 10:03:45,7.420457248918778,26.88971728151317,8.07324141346739,7.178504237372648,1,22,10,2612,True
2024-01-22 10:07:30,7.511942416621007,26.79121107060787,8.173515850301614,6.755847877936805,1,22,10,2675,True
2024-01-22 10:11:15,7.469947887577813,26.87939379904447,8.091481168359426,7.144803522731916,1,22,10,2676,True
2024-01-22 10:15:00,7.514687010375584,26.85383968084043,7.96505608431746,6.617734400304906,1,22,10,2688,True
2024-01-22 10:18:45,7.465017315612625,27.08357683291352,8.464561062652262,6.63333592579741,1,22,10,2711,True
2024-01-22 10:22:30,7.554998168174053,27.04188317977426,8.094017033373646,6.454898268081487,1,22,10,2716,True
2024-01-22 10:26:15,7.539010129060159,27.00856862720997,8.461731780867881,7.133948972206479,1,22,10,2723,True
2024-01-22 10:30:00,7.530792170838426,26.75109736649677,8.103308166673175,6.727570102803895,1,22,10,2724,True
2024-01-22 10:33:45,7.517346718530596,26.97653482742226,8.318470917594528,2.4494168822534963,1,22,10,2748,True
2024-01-22 10:37:30,7.506054504677852,26.84612247955422,8.171159004771985,2.629530833559707,1,22,10,2780,True
2024-01-22 10:41:15,7.616620096860545,26.74651737808489,8.21257161492614,2.4744899197318544,1,22,10,2784,True
2024-01-22 10:45:00,7.598326349191822,26.77863288524862,8.443927568790457,2.5668410105059754,1,22,10,2795,True
2024-01-22 10:48:45,7.553937282353422,26.90196910487906,8.047088591459582,2.4862859252817713,1,22,10,2814,True
2024-01-22 10:52:30,7.476340679304807,26.85954412894439,8.174735594622843,2.515546427435495,1,22,10,2868,True
2024-01-22 10:56:15,7.572647392064405,26.79370860876382,8.309424778727074,2.5072247992124748,1,22,10,2873,True
2024-01-23 02:00:00,8.481664596817462,27.09496864973243,8.018731884490803,2.368489126894257,1,23,2,2438,True
2024-01-23 09:00:00,7.400664539176362,27.04171434207002,8.326095207767139,7.339460011654785,1,23,9,2494,True
2024-01-23 09:20:00,7.329002561311703,26.72614371476074,8.086949176174786,7.381597901079743,1,23,9,2518,True
2024-01-23 09:40:00,7.345668797780976,26.82938392867148,8.116791913767718,6.6910099310744595,1,23,9,2545,True
2024-01-23 10:00:00,7.460008344103566,26.63009885469665,8.315693484114613,6.896221106046653,1,23,10,2589,True
2024-01-23 10:04:00,7.459545403701674,27.19958275028799,8.287530248013827,7.095826434111505,1,23,10,2601,True
2024-01-23 10:08:00,7.42186571889296,26.75094863495545,8.790631798293484,6.8108681064079,1,23,10,2609,True
2024-01-23 10:12:00,7.483103418030698,26.81030101533359,8.326717109118908,6.716400249781837,1,23,10,2616,True
2024-01-23 10:16:00,7.3855463016318765,27.01570982543804,8.145233976497712,6.694128373816971,1,23,10,2640,True
2024-01-23 10:20:00,7.389982190513265,26.90587812188318,8.403296657914478,6.904879743123857,1,23,10,2666,True
2024-01-23 10:24:00,7.489084995051227,26.74713567658264,8.21171434736618,2.664346098726137,1,23,10,2770,True
2024-01-23 10:28:00,7.565943705404109,26.93368418587308,8.209947388077007,2.573461630125388,1,23,10,2798,True
2024-01-23 10:32:00,7.598390321244265,26.96147442810178,7.892241547349101,2.486337166975372,1,23,10,2813,True
2024-01-23 10:36:00,7.579172593241289,26.76432895151155,8.391676220411307,2.6634927979444782,1,23,10,2816,True
2024-01-23 10:40:00,7.5523251414712815,26.85851173695671,7.653826497643746,2.3702903740295005,1,23,10,2845,True
2024-01-23 10:44:00,7.554580542790841,26.89874485439451,8.609973875656067,2.6314640425470928,1,23,10,2854,True
2024-01-23 10:48:00,7.569203930054591,26.85614371293259,8.299500934990363,2.4868170586278984,1,23,10,2862,True
2024-01-23 10:52:00,7.5945899655010844,26.82611708149737,8.19178505396725,2.489868292785508,1,23,10,2886,True
2024-01-23 10:56:00,7.526516377919592,27.04717005642781,7.924106355247018,2.622993161216171,1,23,10,2899,True
2024-01-23 23:00:00,8.412126058701345,26.89450550498522,7.923573888150678,2.6134744932596474,1,23,23,1309,True
2024-01-24 00:00:00,8.477855316576884,26.9268117743305,8.130875228508415,2.4337798706247114,1,24,0,1436,True
2024-01-24 09:00:00,7.3825706904396,26.7614315580484,8.489556386219485,7.392606929934753,1,24,9,2517,True
2024-01-24 09:30:00,7.3987507669545565,26.88649856980134,8.480139579045822,6.870322507353401,1,24,9,2520,True
2024-01-24 10:00:00,7.473175933374307,27.04056099819761,8.313271080457568,6.8754670708728325,1,24,10,2587,True
2024-01-24 10:06:40,7.428243157967856,26.70379598157445,8.17139529418408,6.801131771728331,1,24,10,2598,True
2024-01-24 10:13:20,7.534054285194573,26.96894843760462,7.946433686276988,7.038277106709004,1,24,10,2691,True
2024-01-24 10:20:00,7.474972540356583,26.74701240377185,7.978080040942886,6.624766740393937,1,24,10,2704,True
2024-01-24 10:26:40,7.484616810769127,27.05495921618393,8.233490819804054,7.263053904316629,1,24,10,2706,True
2024-01-24 10:33:20,7.556822342999414,26.73811226218486,8.466601283814684,2.644060686903729,1,24,10,2789,True
2024-01-24 10:40:00,7.594731882173441,26.90738896548082,8.44261889422309,2.6879839347834453,1,24,10,2803,True
2024-01-24 10:46:40,7.594284597840599,26.67035515301642,8.05715433322737,2.4461479551559266,1,24,10,2815,True
2024-01-24 10:53:20,7.524624204428897,26.86053774113698,8.298335169230091,2.588169564466645,1,24,10,2889,True
2024-01-24 19:00:00,8.404478348626661,27.33071705646576,8.190253194375634,2.284179569456862,1,24,19,55,True
2024-01-24 21:00:00,8.429002256890673,27.04081567918474,8.198160032299503,2.4043751516240626,1,24,21,476,True
2024-01-25 00:00:00,8.435119249912342,26.90607495273125,7.96082908344081,2.4832556046875003,1,25,0,1544,True
2024-01-25 01:00:00,8.480812196727623,26.96904513606137,7.727760881602723,2.51937142469668,1,25,1,2033,True
2024-01-25 09:00:00,7.396536535268263,27.07111120401764,8.30047205683164,7.244039829534893,1,25,9,2499,True
2024-01-25 09:30:00,7.420123024046298,26.79253078982855,8.24376433398675,7.41379422905336,1,25,9,2532,True
2024-01-25 10:00:00,7.40035075970135,26.98822416701813,7.816761413567852,7.356207042603527,1,25,10,2571,True
2024-01-25 10:06:00,7.509376652278272,26.73638449678302,7.485351589076119,7.281513192853228,1,25,10,2596,True
2024-01-25 10:12:00,7.527411932950014,26.91770794116458,8.178858219457094,7.167996572042586,1,25,10,2657,True
2024-01-25 10:18:00,7.509535143806615,26.9583425380393,8.003400011959199,6.8931144604294845,1,25,10,2670,True
2024-01-25 10:24:00,7.50467770619896,26.83484180483384,8.407375191666551,7.196249007921982,1,25,10,2717,True
2024-01-25 10:30:00,7.469789888300726,26.9114974764857,8.058813234865221,2.458706168399898,1,25,10,2756,True
2024-01-25 10:36:00,7.485967353406089,26.98378411309451,8.703855579696068,2.485293300027647,1,25,10,2758,True
2024-01-25 10:42:00,7.556187505411301,27.12367084814146,8.132147860148068,2.4184521337069813,1,25,10,2808,True
2024-01-25 10:48:00,7.529078568179366,27.18964679765984,8.275019759243266,2.6233259836832374,1,25,10,2819,True
2024-01-25 10:54:00,7.595499359853525,26.98711503938181,8.237130890751994,2.783619227417722,1,25,10,2892,True
2024-01-25 20:00:00,8.495701236084932,26.90120482847099,8.028801557358518,2.6391674062824317,1,25,20,88,True
2024-01-25 20:30:00,8.444703551418527,26.85836215821334,8.212102418826994,2.619669371598341,1,25,20,394,True
2024-01-25 21:00:00,8.426665072111033,27.05676028560415,8.110606322087731,2.623951650974136,1,25,21,475,True
2024-01-26 00:00:00,8.476670040202439,27.12719697358686,8.072063437018969,2.2826688801974004,1,26,0,1490,True
2024-01-26 02:00:00,8.476094309164733,26.72105161689372,7.675933478499813,2.452072980848507,1,26,2,2119,True
2024-01-26 02:30:00,8.508318847759474,26.97475501876805,7.864561488327279,2.4406040548943375,1,26,2,2247,True
2024-01-26 09:00:00,7.3365235470130985,26.85969597252938,8.066685485461253,6.792148611723067,1,26,9,2478,True
2024-01-26 09:10:00,7.403083734982764,27.01791210067478,8.008466305733764,7.3022574155154,1,26,9,2497,True
2024-01-26 09:20:00,7.289063699699249,26.60365026808545,8.117404925704792,6.838943817903788,1,26,9,2507,True
2024-01-26 09:30:00,7.271974581730339,27.08688534713302,8.363700779029914,7.340231652728529,1,26,9,2522,True
2024-01-26 09:40:00,7.281091541757917,26.88172285585924,8.153763841570232,6.879349265686867,1,26,9,2530,True
2024-01-26 09:50:00,7.4253119960507235,26.84144854081994,8.192253563645624,7.272454305160763,1,26,9,2557,True
2024-01-26 10:00:00,7.431782366681807,26.7108492473371,8.202188581112225,6.8340635658110624,1,26,10,2592,True
2024-01-26 10:05:00,7.425374768115552,27.03409916564296,8.412557533895814,6.79500303910411,1,26,10,2602,True
2024-01-26 10:10:00,7.457795184138023,26.93747616331763,8.243466267631934,6.775993381639982,1,26,10,2618,True
2024-01-26 10:15:00,7.441746257160496,26.94577101101003,7.973385590120802,7.230551853500472,1,26,10,2629,True
2024-01-26 10:20:00,7.474216837086443,26.78163127539396,8.255550408798667,6.795722423337077,1,26,10,2647,True
2024-01-26 10:25:00,7.444479808597797,26.76475223666148,8.272754029235486,6.838006829964077,1,26,10,2658,True
2024-01-26 10:30:00,7.4960322205819265,26.80617377907847,8.31093516569888,6.868593792187751,1,26,10,2663,True
2024-01-26 10:35:00,7.519389313467502,26.94371016983773,8.083071447155866,6.826455613530019,1,26,10,2697,True
2024-01-26 10:40:00,7.4696552768401565,26.88310865386939,8.212874080525731,6.844072184398744,1,26,10,2702,True
2024-01-26 10:45:00,7.3533735847334585,26.85338090886362,8.467352527299145,2.7724616786054086,1,26,10,2731,True
2024-01-26 10:50:00,7.5599317672235,26.83682820524688,8.178417163208072,2.519448019364083,1,26,10,2805,True
2024-01-26 10:55:00,7.561440271216634,26.87881455898448,8.2355792373645,2.4947791934631915,1,26,10,2851,True
2024-01-26 20:00:00,8.409358112878717,27.17414885412891,8.140157617779899,2.5107641639070355,1,26,20,145,True
2024-01-26 22:00:00,8.453430828646837,26.91549761131347,7.836928817504792,2.75943698750625,1,26,22,945,True
2024-01-27 01:00:00,8.396991405784934,26.86331775223327,8.100446449999998,2.7215247187796763,1,27,1,1833,True
2024-01-27 01:30:00,8.430694573372444,26.99527053526717,7.83006382408787,2.4677777235019684,1,27,1,1934,True
2024-01-27 09:00:00,7.320239943863621,26.79680339722052,8.411680392494558,7.509817668038265,1,27,9,2504,True
2024-01-27 09:12:00,7.245014138224129,27.06148019150133,7.908093985420997,7.016378688564212,1,27,9,2505,True
2024-01-27 09:24:00,7.270353338523066,26.71405585359251,8.223027397318791,7.093623796106282,1,27,9,2506,True
2024-01-27 09:36:00,7.399861939144358,26.82450736054615,8.042008135558245,7.307457659287831,1,27,9,2534,True
2024-01-27 09:48:00,7.474247606692751,27.08614929766078,8.356469291182254,6.487681256375385,1,27,9,2540,True
2024-01-27 10:00:00,7.458456542488189,27.00422732365887,7.589045993884198,6.912884346005085,1,27,10,2586,True
2024-01-27 10:04:17,7.45303129754465,26.89287792932271,8.317330802760093,6.974854684327134,1,27,10,2614,True
2024-01-27 10:08:34,7.439544632504263,26.98247347606883,8.472446005623771,7.253449980492804,1,27,10,2621,True
2024-01-27 10:12:51,7.490195160983762,26.85989685069566,7.854845863637578,6.819411992326072,1,27,10,2625,True
2024-01-27 10:17:08,7.511672517344235,26.99437867443515,8.430096773743578,6.8088830974555306,1,27,10,2648,True
2024-01-27 10:21:25,7.537275311602204,26.93967660021709,7.965346399666035,6.735055603631559,1,27,10,2674,True
2024-01-27 10:25:42,7.492825446546237,27.12099423776824,8.202021784162527,6.819591579864665,1,27,10,2699,True
2024-01-27 10:29:59,7.453990810402047,26.93793844985222,7.997812169459986,2.612942130089419,1,27,10,2766,True
2024-01-27 10:34:16,7.474231163482244,26.67642908885364,8.309681159711706,2.6340709753018685,1,27,10,2772,True
2024-01-27 10:38:33,7.584064619677749,26.73141308428502,7.961814412899662,2.6517005634404245,1,27,10,2821,True
2024-01-27 10:42:50,7.5618528516602455,26.94368262525312,8.459722584444982,2.5649485844156614,1,27,10,2823,True
2024-01-27 10:47:07,7.548118882373041,27.10203187713546,8.416300741739448,2.4871719727686967,1,27,10,2857,True
2024-01-27 10:51:24,7.6006061068985815,27.09534019947273,8.1521980196179,2.4807872166702163,1,27,10,2890,True
2024-01-27 10:55:41,7.5580320792114435,26.93503615810293,7.962305808804378,2.654640389214485,1,27,10,2901,True
2024-01-27 20:00:00,8.419709316067324,26.96524662871827,7.632638643096164,2.588955386238057,1,27,20,106,True
2024-01-28 01:00:00,8.486967493107635,26.90027254896777,7.913342903515261,2.6092373593198546,1,28,1,2088,True
2024-01-28 02:00:00,8.486297175349556,26.90414316988214,7.994654791392759,2.5582945496951295,1,28,2,2386,True
2024-01-28 09:00:00,7.491352037809274,27.01261074767298,8.433531890185074,7.194351482903391,1,28,9,2488,True
2024-01-28 09:15:00,7.448003822883482,27.08091728354024,8.008136343429664,6.649002399669234,1,28,9,2492,True
2024-01-28 09:30:00,7.310654945697662,27.11738378620613,8.307681842312936,7.264006288092946,1,28,9,2529,True
2024-01-28 09:45:00,7.449183932370518,26.70489646063782,7.935131532168292,7.087175427594936,1,28,9,2555,True
2024-01-28 10:00:00,7.382607033701637,26.79678536705167,7.903824465126258,6.74438685032497,1,28,10,2568,True
2024-01-28 10:04:17,7.361847108603392,26.82171946519147,7.955993263288408,7.343300956354472,1,28,10,2569,True
2024-01-28 10:08:34,7.456758213216256,27.27052729089015,7.917173597493538,6.7577508317848,1,28,10,2608,True
2024-01-28 10:12:51,7.47617110692933,27.14704072145774,8.426547547145619,6.7183878636452175,1,28,10,2653,True
2024-01-28 10:17:08,7.5238876778094275,26.71738130734286,8.391790186764114,6.8879637131220335,1,28,10,2656,True
2024-01-28 10:21:25,7.530114685088911,26.80146962259187,8.051055627208157,6.45943503815471,1,28,10,2713,True
2024-01-28 10:25:42,7.411135488359118,26.92790546653905,8.117157580684946,2.6335137105162003,1,28,10,2732,True
2024-01-28 10:29:59,7.50027876496672,27.03145881876485,8.033329330174505,2.493134878929264,1,28,10,2763,True
2024-01-28 10:34:16,7.519035277052152,26.89741376251707,8.344316557708932,2.6037747319022473,1,28,10,2774,True
2024-01-28 10:38:33,7.586975349005406,26.91493408590902,8.41096233015174,2.4656535182109054,1,28,10,2822,True
2024-01-28 10:42:50,7.598250615579717,26.88200189879035,7.756719370882529,2.505598248011137,1,28,10,2870,True
2024-01-28 10:47:07,7.579605406960073,27.02735153313697,8.06683886048046,2.578842270505782,1,28,10,2874,True
2024-01-28 10:51:24,7.554660021071686,26.74244818562785,7.979309196232211,2.432363869318701,1,28,10,2881,True
2024-01-28 10:55:41,7.590120382563976,26.87321662799018,8.032275181937225,2.762094423130922,1,28,10,2902,True
2024-01-28 21:00:00,8.463779281104577,26.93801736010445,7.771856980991554,2.5413397701717355,1,28,21,591,True
